name,romsZip,address,romsDtlAddr,romsRefadNo,romsScl,romsHmpgAddr,romsSumm
호텔 인터시티,34187,대전 유성구 온천로 92,대전광역시 유성구 봉명동 545-5,042-600-6000,240실 한실 : 48 양실 : 156,https://www.hotelinterciti.com/#1,호텔 인터시티
호텔 선샤인,34573,대전광역시 동구 동서대로 1700,대전 동구 가양동 451-3,042-620-6500,55실 양실 55실,http://www.hotelsunshine.kr/,호텔 선샤인
경하온천호텔,34186,대전 유성구 온천로101번길 30,경하온천호텔,042-822-5656,40실 한실 : 29 양실 : 11,http://www.khhotel.com/,경하온천호텔
레전드호텔,34187,대전 유성구 계룡로141번길 21,레전드호텔,042-229-8000,75실 한실 : 24 양실 : 51,http://www.legendhotel.co.kr/kor/index.do,레전드호텔
유성관광호텔,34169,대전 유성구 온천로 9,유성관광호텔,042-820-0100,189실 한실 43 양실 146,https://yousunghotel.com/kor/index.do,유성관광호텔
라온호텔(주),34187,대전 유성구 온천로 88,라온호텔,042-822-0131,45실 한실 : 11 양실 : 34,http://www.laonhotel.com/,라온호텔(주)
대전나무호텔,34168,대전 유성구 온천서로 30-6,대전나무호텔,042-822-3445,49실 한실 : 2 양실 : 47,www.namoohotel.kr,대전나무호텔
레지던스호텔라미아,35233,대전 서구 둔산로51번길 42,레지던스호텔라미아,042-334-0100,106실 한실 : 3 양실 : 103,http://www.hotellamai.com,레지던스호텔라미아
부띠크호텔락희,35233,대전 서구 대덕대로220번길 23,부띠크호텔락희,042-482-0100,54실 양실 : 54,http://www.hotellacky.com,부띠크호텔락희
㈜굿모닝레지던스호텔휴,35233,대전 서구 둔산로73번길 21,㈜굿모닝레지던스호텔휴,042-489-4000,134실 양실 : 134,http://www.hotelrest.co.kr,㈜굿모닝레지던스호텔휴
호텔그레이톤둔산,35240,대전 서구 둔산중로 70,호텔그레이톤둔산,042-483-3100,211실 한실 : 7 양실 : 204,http://graytone.co.kr,호텔그레이톤둔산
베니키아호텔대림,34839,대전 중구 대종로505번길 50,대전 중구 선화동 230-6,042-251-9500,44실[ 양실:44],http://www.daelimhotel.com,베니키아호텔대림
롯데시티호텔,34125,대전 유성구 엑스포로123번길 33,대전 유성구 도룡동 4-30,042-333-1000,"304실[ 한실:304 , 양실:]",http://www.lottecityhoteldaejeon.com/,롯데시티호텔
호텔 ICC,34125,대전 유성구 엑스포로123번길 55,대전 유성구 도룡동 4-29,042-866-5000,90실[ 양실:90],http://hotel.hotelicc.com/,호텔 ICC
테크노벨리호텔,34014,대전 유성구 테크노중앙로 57,대전 유성구 관평동 796,042-671-0500,74실[ 양실:74],http://www.hoteltechnovalley.com,테크노벨리호텔
디엠프레스호텔,35222,대전 서구 한밭대로570번길 29-20,대전 서구 월평동 516,042-485-3030,66실[ 양실:66],http://www.theempresshotel.co.kr,디엠프레스호텔
플라밍고호텔,34549,대전 동구 동서대로1683번길 76-7,대전 동구 용전동 64-36,042-639-5144,33실[ 양실:33],http://대전호텔플라밍고.urr.kr/,플라밍고호텔
나봄 S&호텔,34014,대전 유성구 테크노중앙로 69,대전 유성구 관평동 781,042-936-1500,"75실[ 한실:75 , 양실:]",http://www.sandhotel.co.kr/,구)(주)에스엔호텔
계룡스파텔,34186,대전 유성구 온천로 81,대전 유성구 봉명동 539-1,042-602-1111,계룡스파텔의 객실 수에 대한 정확한 정보는 공식 웹사이트나 예약 사이트에서 확인할 수 없었습니다.,http://www.jaekyungdan.mil.kr/sub/bokjiinfo/sisulinfo/spatel/default/default.jsp,계룡스파텔
호텔스카이파크 대전1호점,34030,대전 유성구 테크노중앙로 161,대전 유성구 용산동 579,042-323-4500,"100실[ 한실:100 , 양실:]",http://www.skyparkhotel.com,호텔스카이파크 대전1호점
호텔 스탕달,34186,대전 유성구 온천북로 14,대전 유성구 봉명동 537-2,042-822-1435,70실[ 양실:70],http://stendhalhotel.co.kr/,호텔 스탕달
토요코인 대전정부청사앞,35209,대전 서구 둔산중로134번길 13,대전 서구 둔산동 922,042-545-1045,300실[ 양실:300],https://www.toyoko-inn.com/korea/,토요코인 대전정부청사앞
호텔3월,35241,대전 서구 둔산중로32번길 29,대전 서구 둔산동 1435,042-825-8000,49실[ 양실:49],http://hotel-march.com/,호텔3월
하늘정원 게스트하우스,34918,대전 중구 보문로230번길 40,대전 중구 대흥동 447-11,010-6399-7974,8실[ 양실:8],https://m.cafe.naver.com/moon7942.cafe,하늘정원 게스트하우스
휴안당(외국인도시민박업),34378,대전 대덕구 한밭대로1003번길 42,대전 대덕구 오정동 658-20,010-5629-7816,2실[ 양실:2],대전 휴안당(외국인도시민박업)의 홈페이지는 별도로 찾을 수 없습니다.,휴안당(외국인도시민박업)
아인게스트하우스,34199,대전 유성구 상대동로36번길 7-1,대전 유성구 상대동 471-6,0508-5044-2772,"5실[ 한실: , 양실:]",http://guesthouseayinn.modoo.at/,아인게스트하우스
호텔루키,34928,대전 중구 대흥로158번길 25,대전 중구 대흥동 31-7,042-221-8383,35실[ 양실:35],호텔루키의 홈페이지는 별도로 찾을 수 없습니다.,호텔루키
베르겐호텔,34185,대전 유성구 온천북로 65-9,대전 유성구 봉명동 690-6,042-824-9277,48실[ 양실:48],베르겐호텔의 홈페이지는 별도로 찾을 수 없습니다.,베르겐호텔
퀸스타운모텔,34186,대전 유성구 계룡로105번길 74,대전 유성구 봉명동 537-9,042-822-8696,33실[ 양실:33],퀸스타운모텔의 홈페이지는 별도로 찾을 수 없습니다.,퀸스타운모텔
유성스테이호텔,34169,대전 유성구 계룡로59번길 23,대전 유성구 봉명동 469-42,042-824-1333,"49실[ 한실:2 , 양실:47]",유성스테이호텔의 홈페이지는 별도로 찾을 수 없습니다.,유성스테이호텔
오백호모텔,34168,대전 유성구 대학로 55-10,대전 유성구 봉명동 604-3,042-824-0995,"36실[ 한실:6 , 양실:30]",오백호모텔의 홈페이지는 별도로 찾을 수 없습니다.,오백호모텔
시네마이텔,34187,대전 유성구 대학로 8,대전 유성구 봉명동 551-14,042-824-6868,"&nbsp;44실[ 한실:1 , 양실:43]",시네마이텔의 홈페이지는 별도로 찾을 수 없습니다.,시네마이텔
투엑스,34185,대전 유성구 문화원로 116,대전 유성구 봉명동 641-7,042-825-5701,"40실[ 한실:1 , 양실:39]",투엑스의 홈페이지는 별도로 찾을 수 없습니다.,투엑스
드라마모텔,34168,대전 유성구 온천서로 2,대전 유성구 봉명동 446-8,042-824-3399,"55실[ 한실:1 , 양실:54]",드라마모텔의 홈페이지는 별도로 찾을 수 없습니다.,드라마모텔
렉시호텔,34186,대전 유성구 온천로107번길 37,대전 유성구 봉명동 540-5,042-824-7738,35실[ 양실:35],렉시호텔의 홈페이지는 별도로 찾을 수 없습니다.,렉시호텔
시나브로모텔,34185,대전 유성구 온천북로59번길 9,대전 유성구 봉명동 658-3,042-823-5832,"42실[ 한실:4 , 양실:38]",http://cafe.daum.net/sinabromotel,시나브로모텔
파라곤모텔,34168,대전 유성구 계룡로87번길 72,대전 유성구 봉명동 535-2,042-825-4646,"40실[ 한실:5 , 양실:35]",www.iparagon.kr,파라곤모텔
시애틀모텔,34186,대전 유성구 온천북로 24,대전 유성구 봉명동 538-3,042-824-3070,"37실[ 한실:5 , 양실:32]",시애틀모텔의 홈페이지는 별도로 찾을 수 없습니다.,시애틀모텔
더貧晁?,34185,대전 유성구 온천북로 53,대전 유성구 봉명동 658-4,042-822-0450,42실[ 양실:42],더貧晁愍?홈페이지는 별도로 찾을 수 없습니다.,더貧晁?
맨하탄모텔,34185,대전 유성구 온천북로33번길 7-14,대전 유성구 봉명동 633-3,042-824-3311,"36실[ 한실:6 , 양실:30]",맨하탄모텔의 홈페이지는 별도로 찾을 수 없습니다.,맨하탄모텔
블랙호텔,35300,대전 서구 용문로 65,대전 서구 용문동 592-16,042-535-0070,31실[ 양실:31],블랙호텔의 홈페이지는 별도로 찾을 수 없습니다.,블랙호텔
잉카의태양,34185,대전 유성구 온천북로 69,대전 유성구 봉명동 692-7,042-826-6700,44실[ 양실:44],http://www.mokamotel.kr,잉카의태양
호스텔 하루,34185,대전 유성구 온천동로65번길 42,대전 유성구 봉명동 683-1,042-823-9433,"39실[ 한실:4 , 양실:35]",https://hostelharu.com/,호스텔 하루
피카소 모텔,34169,대전 유성구 장대로 16-20,대전 유성구 봉명동 469-41,042-825-3288,"32실[ 한실:3 , 양실:29]",피카소 모텔의 홈페이지는 별도로 찾을 수 없습니다.,피카소 모텔
뉴 큐피트 모텔,34169,대전 유성구 장대로 16-18,대전 유성구 봉명동 469-2,042-825-8505,"32실[ 한실:1 , 양실:31]",www.뉴큐피트모텔.kr,뉴 큐피트 모텔
헤라모텔,34186,대전 유성구 온천로107번길 23,대전 유성구 봉명동 540-7,042-823-5775,"36실[ 한실:2 , 양실:34]",www.ihera.kr,헤라모텔
발렌타인 모텔,34170,대전 유성구 장대로 20-19,대전 유성구 장대동 285-11,042-825-2100,"36실[ 한실:8 , 양실:28]",발렌타인 모텔의 홈페이지는 별도로 찾을 수 없습니다.,발렌타인 모텔
스파타워 모텔,34186,대전 유성구 온천로107번길 40,대전 유성구 봉명동 694-1,042-824-0637,"35실[ 한실:3 , 양실:32]",www.spatower.kr,스파타워 모텔
오딧세이 모텔,34187,대전 유성구 계룡로155번길 27,대전 유성구 봉명동 544-5,042-822-7278,"35실[ 한실:2 , 양실:33]",htttp://www.odmotel.com,오딧세이 모텔
워커힐모텔,35222,대전 서구 월평로 47,대전 서구 월평동 507,042-489-7720,"50실[ 한실:10 , 양실:40]",워커힐모텔의 홈페이지는 별도로 찾을 수 없습니다.,워커힐모텔
투에스(2S)모텔,35222,대전 서구 월평로 53-9,대전 서구 월평동 512-1,042-486-3333,43실[ 양실:43],투에스(2S)모텔의 홈페이지는 별도로 찾을 수 없습니다.,투에스(2S)모텔
호텔어썸,35300,대전 서구 도산로369번길 29,대전 서구 용문동 592-1,042-524-0770,34실[ 양실:34],호텔어썸의 홈페이지는 별도로 찾을 수 없습니다.,호텔어썸
이안레지던스 호텔,35233,대전 서구 둔산로65번길 29,대전 서구 둔산동 1333,042-487-3939,79실[ 양실:79], http://www.eanhotel.co.kr/main/main.htm,이안레지던스 호텔
시카고모텔,34311,대전 대덕구 신탄진동로23번길 65,대전 대덕구 신탄진동 140-10,042-933-3888,"37실[ 한실:7 , 양실:30]",시카고모텔의 홈페이지는 별도로 찾을 수 없습니다.,시카고모텔
거기모텔,34309,대전 대덕구 신탄진동로7번안길 38,대전 대덕구 신탄진동 122-2,042-933-5455,"32실[ 한실:2 , 양실:30]",거기모텔의 홈페이지는 별도로 찾을 수 없습니다.,거기모텔
로하스모텔,34311,대전 대덕구 신탄진동로23번길 77,대전 대덕구 신탄진동 121-15,042-933-0646,36실[ 양실:36],로하스모텔의 홈페이지는 별도로 찾을 수 없습니다.,로하스모텔
두바이모텔,34310,대전 대덕구 신탄진로790번길 46,대전 대덕구 신탄진동 157-22,042-935-8897,36실[ 양실:36],두바이모텔의 홈페이지는 별도로 찾을 수 없습니다.,두바이모텔
클래스모텔,34395,대전 대덕구 한밭대로1149번길 15-6,대전 대덕구 중리동 411-5,042-633-9271,"42실[ 한실:4 , 양실:38]",클래스모의 홈페이지는 별도로 찾을 수 없습니다.텔,클래스모텔
모텔폴라리스,34550,대전 동구 한밭대로1316번길 2,대전 동구 용전동 76-2,042-635-7861,36실[ 양실:36],모텔폴라리스의 홈페이지는 별도로 찾을 수 없습니다.,모텔폴라리스
해피타워,34550,대전 동구 동서대로1725번길 22,대전 동구 용전동 76-3,042-623-9993,"32실[ 한실:2 , 양실:30]",해피타워의 홈페이지는 별도로 찾을 수 없습니다.,해피타워
J모텔,34550,대전 동구 한밭대로1314번길 27,대전 동구 용전동 78-29,042-639-5600,"36실[ 한실:3 , 양실:33]",J모텔의 홈페이지는 별도로 찾을 수 없습니다.,J모텔
수 모텔,35233,대전 서구 둔산로65번길 34,대전 서구 둔산동 1326,042-472-1085,"35실[ 한실:2 , 양실:33]",수 모텔의 홈페이지는 별도로 찾을 수 없습니다.,수 모텔
시네마모텔,34550,대전 동구 동서대로1725번길 18,대전광역시 유성구 봉명동 540-7,042-628-8686,"32실[ 한실:2 , 양실:30]",시네마모텔의 홈페이지는 별도로 찾을 수 없습니다.,시네마모텔
보보스모텔,34550,대전 동구 동서대로1725번길 10,대전 동구 용전동 54-7,042-625-2100,35실[ 양실:35],보보스모텔의 홈페이지는 별도로 찾을 수 없습니다.,보보스모텔
굿타임모텔,34549,대전 동구 동서대로1705번길 67,대전 동구 용전동 67-5,042-625-4877,"32실[ 한실:2 , 양실:30]",굿타임모텔의 홈페이지는 별도로 찾을 수 없습니다.,굿타임모텔
貧晁?,34550,대전 동구 동서대로 1715-9,대전 동구 용전동 111-8,042-637-9090,"42실[ 한실:3 , 양실:39]",http://www.sharpmotel.co.kr/index.asp,貧晁?
리무진 모텔,34574,대전 중구 중앙로129번길 28,대전 중구 선화동 32-2번지,042-621-1004,"36실[ 한실:2 , 양실:34]",리무진 모텔의 홈페이지는 별도로 찾을 수 없습니다.,리무진 모텔
세도나 모텔,34550,대전 동구 동서대로1725번길 40,대전 동구 용전동 72-12,042-621-9528,"52실[ 한실:3 , 양실:49]",세도나 모텔의 홈페이지는 별도로 찾을 수 없습니다.,세도나 모텔
W모텔,34186,대전 유성구 온천북로 8,대전 유성구 봉명동 536-2,042-825-1123,"1실[ 한실:32 , 양실:70]",W모텔의 홈페이지는 별도로 찾을 수 없습니다.,W모텔
호텔저스트슬립유성온천점,34186,대전 유성구 온천로101번길 10-1,대전 유성구 봉명동 540-10,042-822-1750,"49실[ 한실:4 , 양실:45]",http://okqr.kr/6353,호텔저스트슬립유성온천점
로데오 모텔,35229,대전 서구 둔산로31번길 34,대전 서구 둔산동 1008-1,042-471-6868,"45실[ 한실:4 , 양실:41]",로데오 모텔의 홈페이지는 별도로 찾을 수 없습니다.,로데오 모텔
탑클라우드(대전점),34186,대전 유성구 온천로101번길 20,대전 유성구 봉명동 540-15,042-825-1470,48실[ 양실:48],탑클라우드(대전점)의 홈페이지는 별도로 찾을 수 없습니다.,탑클라우드(대전점)
오늘,34185,대전 유성구 온천북로 37,대전 유성구 봉명동 656-2,042-823-5999,"33실[ 한실:2 , 양실:31]",오늘의 홈페이지는 별도로 찾을 수 없습니다.,오늘
런던파크,34187,대전 유성구 계룡로141번길 13-11,대전 유성구 봉명동 548-5,042-825-6063,"34실[ 한실:5 , 양실:29]",런던파크의 홈페이지는 별도로 찾을 수 없습니다.,런던파크
케이쎄븐모텔,34168,대전 유성구 계룡로87번길 65,대전 유성구 봉명동 440-28,042-867-5775,"38실[ 한실:6 , 양실:32]",케이쎄븐모텔의 홈페이지는 별도로 찾을 수 없습니다.,케이쎄븐모텔
스마일모텔,34187,대전 유성구 계룡로141번길 8-15,대전 유성구 봉명동 543-11,042-825-0266,"35실[ 한실:8 , 양실:27]",스마일모텔의 홈페이지는 별도로 찾을 수 없습니다.,스마일모텔
자우리호텔도안신도시점,34187,대전 유성구 계룡로 157,대전 유성구 봉명동 542-11,042-823-8011,"42실[ 한실:3 , 양실:39]",자우리호텔도안신도시점의 홈페이지는 별도로 찾을 수 없습니다.,자우리호텔도안신도시점
체리모텔,34186,대전 유성구 온천북로 76,대전 유성구 봉명동 694-2,042-823-2756,"36실[ 한실:6 , 양실:30]",체리모텔의 홈페이지는 별도로 찾을 수 없습니다.,체리모텔
파로스모텔,34184,대전 유성구 한밭대로492번길 26-28,대전 유성구 봉명동 663-2,042-824-0830,"34실[ 한실:2 , 양실:32]",파로스모텔의 홈페이지는 별도로 찾을 수 없습니다.,파로스모텔
모아파크,34187,대전 유성구 계룡로141번길 29-12,대전 유성구 봉명동 546-16,042-824-0622,"32실[ 한실:8 , 양실:24]",모아파크의 홈페이지는 별도로 찾을 수 없습니다.,모아파크
호텔드레,34187,대전 유성구 계룡로123번길 12,대전 유성구 봉명동 548-1,042-824-9944,"34실[ 한실:5 , 양실:29]",호텔드레의 홈페이지는 별도로 찾을 수 없습니다.,호텔드레
힐튼모텔,34170,대전 유성구 문화원로6번길 114,대전 유성구 장대동 285-9,042-825-1133,"36실[ 한실:8 , 양실:28]",힐튼모텔의 홈페이지는 별도로 찾을 수 없습니다.,힐튼모텔
캐슬모텔,34395,대전 대덕구 중리남로 51,대전 대덕구 중리동 411-8,042-635-3535,36실[ 양실:36],캐슬모텔의 홈페이지는 별도로 찾을 수 없습니다.,캐슬모텔
카펠라모텔,34395,대전 대덕구 한밭대로1149번길 15-5,대전 대덕구 중리동 410-1,042-625-0033,36실[ 양실:36],카펠라모텔의 홈페이지는 별도로 찾을 수 없습니다.,카펠라모텔
송암파크,34168,대전 유성구 계룡로87번길 66,대전 유성구 봉명동 535-3,042-824-4459,"31실[ 한실:21 , 양실:10]",송암파크의 홈페이지는 별도로 찾을 수 없습니다.,송암파크
까펠라모텔,34184,대전 유성구 한밭대로492번길 16-32,대전 유성구 봉명동 663-4,042-823-0953,33실[ 양실:33],까펠라모텔의 홈페이지는 별도로 찾을 수 없습니다.,까펠라모텔
에이스모텔,34187,대전 유성구 계룡로141번길 13-21,대전 유성구 봉명동 548-3,042-823-0511,45실[ 양실:45],에이스모텔의 홈페이지는 별도로 찾을 수 없습니다.,에이스모텔
아트모텔,34168,대전 유성구 온천서로 32-12,대전 유성구 봉명동 440-31,042-823-2988,33실[ 양실:33],아트모텔의 홈페이지는 별도로 찾을 수 없습니다.,아트모텔
도심속의하루,34185,대전 유성구 온천북로33번길 8-27,대전 유성구 봉명동 653-4,042-825-7510,33실[ 양실:33],도심속의하루의 홈페이지는 별도로 찾을 수 없습니다.,도심속의하루
루이스,34168,대전 유성구 온천서로 32-16,대전 유성구 봉명동 440-3,042-826-0044,32실[ 양실:32],루이스의 홈페이지는 별도로 찾을 수 없습니다.,루이스
럭셔리모텔,34168,대전 유성구 온천서로 30-10,대전 유성구 봉명동 441-17,042-824-0652,45실[ 양실:45],럭셔리모텔의 홈페이지는 별도로 찾을 수 없습니다.,럭셔리모텔
LOD호텔(엘오디),34168,대전 유성구 온천서로 30-15,대전 유성구 봉명동 440-25,042-823-3620,"42실[ 한실:6 , 양실:36]",LOD호텔(엘오디)의 홈페이지는 별도로 찾을 수 없습니다.,LOD호텔(엘오디)
호텔메이,34187,대전 유성구 계룡로105번길 25,대전 유성구 봉명동 551-17,042-823-4664,42실[ 양실:42],호텔메이의 홈페이지는 별도로 찾을 수 없습니다.,호텔메이
와또,34186,대전 유성구 봉명동 538-13,대전 유성구 봉명동 538-13,042-824-7777,"35실[ 한실:2 , 양실:33]",와또의 홈페이지는 별도로 찾을 수 없습니다.,와또
케이(K)7피씨텔,34168,대전 유성구 온천서로 32-24,대전 유성구 봉명동 440-7,042-822-8820,"24실[ 한실:10 , 양실:14]",케이(K)7피씨텔의 홈페이지는 별도로 찾을 수 없습니다.,케이(K)7피씨텔
올리비아,34830,대전 중구 동서대로1456번길 57,대전 중구 선화동 88-6,042-257-9250~1,&nbsp;35실[ 양실:35],올리비아의 홈페이지는 별도로 찾을 수 없습니다.,올리비아
콩모텔,34833,대전 중구 대흥로169번길 19,대전 중구 대흥동 95-35,042-221-4655,&nbsp;25실[ 양실:25],콩모텔의 홈페이지는 별도로 찾을 수 없습니다.,콩모텔
에이스모텔,34395,대전 대덕구 한밭대로1149번길 25-11,대전 대덕구 중리동 411-6,042-625-5954,"29실[ 한실:1 , 양실:28]",에이스모텔의 홈페이지는 별도로 찾을 수 없습니다.,에이스모텔
호텔나인,34184,대전 유성구 한밭대로492번길 16-26,대전 유성구 봉명동 663-3,042-822-9701,33실[ 양실:33],호텔나인의 홈페이지는 별도로 찾을 수 없습니다.,호텔나인
잉카모텔,34394,대전 대덕구 중리로7번길 22,대전 대덕구 중리동 402-18,042-627-1010,39실[ 양실:39],잉카모텔의 홈페이지는 별도로 찾을 수 없습니다.,잉카모텔
르비쥬모텔,34395,대전 대덕구 중리남로 53,대전 대덕구 중리동 411-24,042-624-8808,"36실[ 한실:2 , 양실:34]",르비쥬모텔의 홈페이지는 별도로 찾을 수 없습니다.,르비쥬모텔
HI호텔,34524,대전 동구 용운로 169,대전 동구 용운동 296-6,042-283-4401,31실[ 양실:31],HI호텔의 홈페이지는 별도로 찾을 수 없습니다.,HI호텔
아리아모텔,34550,대전 동구 한밭대로1316번길 44,대전 동구 용전동 78-24,042-635-9600,"32실[ 한실:3 , 양실:29]",아리아모텔의 홈페이지는 별도로 찾을 수 없습니다.,아리아모텔
보보스모텔,35299,대전 서구 용문로 41-54,대전 서구 괴정동 426-20,042-527-0671,"32실[ 한실:2 , 양실:30]",보보스모텔의 홈페이지는 별도로 찾을 수 없습니다.,보보스모텔
리더스모텔,35233,대전 서구 둔산로73번길 37,대전 서구 둔산동 1318,042-486-9796,"40실[ 한실:8 , 양실:32]",리더스모텔의 홈페이지는 별도로 찾을 수 없습니다.,리더스모텔
오백호모텔,35233,대전 서구 둔산로65번길 39,대전 서구 둔산동 1335,042-471-3361,"46실[ 한실:4 , 양실:42]",오백호모텔의 홈페이지는 별도로 찾을 수 없습니다.,오백호모텔
큐모텔,35241,대전 서구 둔산중로40번길 34,대전 서구 둔산동 1441,042-471-0071,"45실[ 한실:2 , 양실:43]",큐모텔의 홈페이지는 별도로 찾을 수 없습니다.,큐모텔
프라임모텔,35233,대전 서구 둔산로65번길 30,대전 서구 둔산동 1327,042-482-5646,"35실[ 한실:1 , 양실:34]",프라임모텔의 홈페이지는 별도로 찾을 수 없습니다.,프라임모텔
 SM모텔,35240,대전 서구 둔산중로58번길 35,대전 서구 둔산동 1461,042-471-5381,"44실[ 한실:3 , 양실:41]", SM모텔의 홈페이지는 별도로 찾을 수 없습니다., SM모텔
더블유모텔,35300,대전 서구 용문로 67,대전 서구 용문동 592-18,042-537-6666,"33실[ 한실:1 , 양실:32]",더블유모텔의 홈페이지는 별도로 찾을 수 없습니다.,더블유모텔
샘보석사우나모텔,35214,대전 서구 청사로123번길 38,대전 서구 월평동 253,042-487-3003,"32실[ 한실:6 , 양실:26]",샘보석사우나모텔의 홈페이지는 별도로 찾을 수 없습니다.,샘보석사우나모텔
갤러리모텔,35260,대전 서구 둔산남로 98-16,대전 서구 탄방동 716,042-476-4100,"42실[ 한실:2 , 양실:40]",갤러리모텔의 홈페이지는 별도로 찾을 수 없습니다.,갤러리모텔
레이크모텔,34945,대전 중구 계룡로921번길 11,대전 중구 대사동 248-269,042-254-5551,"32실[ 한실:2 , 양실:30]",레이크모텔의 홈페이지는 별도로 찾을 수 없습니다.,레이크모텔
메이저모텔,34945,대전 중구 대흥로 18,대전 중구 대사동 248-217,042-223-0310,"30실[ 한실:3 , 양실:27]",메이저모텔의 홈페이지는 별도로 찾을 수 없습니다.,메이저모텔
호텔버스,34945,대전 중구 계룡로921번길 16,대전 중구 대사동 248-347,042-222-1103,31실[ 양실:31],www.bushotel.co.kr,호텔버스
69모텔,34927,대전 중구 대종로452번길 48,대전 중구 대흥동 95-20,042-255-6933,31실[ 양실:31],69모텔의 홈페이지는 별도로 찾을 수 없습니다.,69모텔
앙코르,34931,대전 중구 대종로396번길 8,대전 중구 대흥동 49-6,042-242-8080,33실[ 양실:33],앙코르의 홈페이지는 별도로 찾을 수 없습니다.,앙코르
시네마모텔,34928,대전 중구 대종로 418, 대전 중구 대흥동 38-17,042-252-3107,30실[ 양실:30],시네마모텔의 홈페이지는 별도로 찾을 수 없습니다.,시네마모텔
커플모텔,34928,대전 중구 대흥로158번길 13,대전 중구 대흥동 31-3,042-256-7716,30실[ 양실:30],커플모텔의 홈페이지는 별도로 찾을 수 없습니다.,커플모텔
초원의집모텔,34930,대전 중구 문창로94번길 28,대전 중구 문창동 52-13,042-537-3367,"30실[ 한실:1 , 양실:29]",초원의집모텔의 홈페이지는 별도로 찾을 수 없습니다.,초원의집모텔
자바모텔,34836,대전 중구 중앙로109번길 36,대전 중구 선화동 236-20,042-256-6191,28실[ 양실:28],자바모텔의 홈페이지는 별도로 찾을 수 없습니다.,자바모텔
테마모텔,34927,대전 중구 대흥로169번길 12,대전 중구 대흥동 95-35,042-223-9100,34실[ 양실:34],테마모텔의 홈페이지는 별도로 찾을 수 없습니다.,테마모텔
잉카의태양,34976,대전 중구 당디로124번길 47,대전 중구 유천동 306-10,070-4215-8509,30실[ 양실:30],잉카의태양의 홈페이지는 별도로 찾을 수 없습니다.,잉카의태양
오페라모텔,34666,대전 유성구 온천로 68,대전 유성구 봉명동 690-6,042-257-5231,33실[ 양실:33],오페라모텔의 홈페이지는 별도로 찾을 수 없습니다.,오페라모텔
아로마모텔,34311,대전 대덕구 신탄진동로7번길 29,대전 대덕구 신탄진동 143-13,042-935-2333,"35실[ 한실:3 , 양실:32]",아로마모텔의 홈페이지는 별도로 찾을 수 없습니다.,아로마모텔
케이비모텔,34550,대전 동구 동서대로1705번길 58-18,대전 동구 용전동 69-2,042-636-5858,40실[ 양실:40],케이비모텔의 홈페이지는 별도로 찾을 수 없습니다.,케이비모텔
소풍,34550,대전 동구 동서대로1705번길 42,대전 동구 용전동 69-8,042-625-9559,30실[ 양실:30],소풍의 홈페이지는 별도로 찾을 수 없습니다.,소풍
스카이모텔,34311,대전 대덕구 신탄진동로23번길 43,대전 대덕구 신탄진동 141-7,042-936-1555,"25실[ 한실:3 , 양실:22]",스카이모텔의 홈페이지는 별도로 찾을 수 없습니다.,스카이모텔
아우디모텔,34310,대전 대덕구 신탄진로810번길 46,대전 대덕구 신탄진동 139-20,042-935-5650,"26실[ 한실:1 , 양실:25]",아우디모텔의 홈페이지는 별도로 찾을 수 없습니다.,아우디모텔
호텔나인,34395,대전 대덕구 한밭대로1149번길 19,대전 대덕구 중리동 411-29,042-635-6233,"30실[ 한실:2 , 양실:28]",호텔나인의 홈페이지는 별도로 찾을 수 없습니다.,호텔나인
금모텔,34931,대전 중구 문창로 85-5,대전 중구 문창동 41-6,042-222-2626,"20실[ 한실:1 , 양실:19]",금모텔의 홈페이지는 별도로 찾을 수 없습니다.,금모텔
호텔레인보우,35222,대전 서구 월평로 53-10,대전 서구 월평동 515,042-476-1818,45실[ 양실:45],http://www.daejeon-rainbowhotel.com,호텔레인보우
럭키호텔,34977,대전 중구 당디로 112,대전 중구 유천동 332-28,042-583-9481,25실[ 양실:25],럭키호텔의 홈페이지는 별도로 찾을 수 없습니다.,럭키호텔
박스호텔,34334,대전 대덕구 덕암로148번길 30,대전 대덕구 상서동 830-2,042-932-9031,26실[ 양실:26],박스호텔의 홈페이지는 별도로 찾을 수 없습니다.,박스호텔
호텔커피앤굿타임,34830,대전 중구 대종로594번길 20,대전 중구 선화동 88-3,042-256-1340,26실[ 양실:26],호텔커피앤굿타임의 홈페이지는 별도로 찾을 수 없습니다.,호텔커피앤굿타임
비앤비모텔,34925,대전 중구 대흥로157번길 28,대전 중구 대흥동 133,042-266-2191,44실[ 양실:44],https://blog.daum.net/96675985/,비앤비모텔
코자자,34977,대전 중구 유천로17번안길 36,대전 중구 유천동 331-11,042-582-4705,28실[ 양실:28],코자자의 홈페이지는 별도로 찾을 수 없습니다.,코자자
아트인,34168,대전 유성구 온천서로 32-12,대전 유성구 봉명동 440-31,042-253-1157,30실[ 양실:30],아트인의 홈페이지는 별도로 찾을 수 없습니다.,아트인
호텔마이스테이,34941,대전 중구 중교로 10,대전 중구 대흥동 508-7,042-255-1778,23실[ 양실:23],호텔마이스테이의 홈페이지는 별도로 찾을 수 없습니다.,호텔마이스테이
짝모텔,34945,대전 중구 계룡로921번길 22,대전 중구 문화동 1-17번지,042-226-1666,28실[ 양실:28],짝모텔의 홈페이지는 별도로 찾을 수 없습니다.,짝모텔
풀하우스,34930,대전 중구 문창로 86,대전 중구 문창동 42-6,042-253-0082,"30실[ 한실:1 , 양실:29]",https://fullhousehotel.modoo.at/,풀하우스
투유모텔,34830,대전 중구 대종로584번길 27,대전 중구 선화동 90-19,042-256-6773,24실[ 양실:24],투유모텔의 홈페이지는 별도로 찾을 수 없습니다.,투유모텔
대전호텔박스,34928,대전 중구 대종로432번길 28, 대전 중구 대흥동 34,042-221-6544,28실[ 양실:28],대전호텔박스의 홈페이지는 별도로 찾을 수 없습니다.,대전호텔박스
포유,34976,대전 중구 유천로33번길 92,대전 중구 유천동 299-42,042-585-7799,30실[ 양실:30],포유의 홈페이지는 별도로 찾을 수 없습니다.,포유
스타호텔,34928,대전 중구 대흥로158번길 46,대전 중구 대흥동 37-11,042-242-2050,34실[ 양실:34],스타호텔의 홈페이지는 별도로 찾을 수 없습니다.,스타호텔
호텔루이스,34930,대전 중구 대종로386번길 53,대전 중구 문창동 44-4,042-223-0550,"35실[ 한실:2 , 양실:33]",호텔루이스의 홈페이지는 별도로 찾을 수 없습니다.,호텔루이스
베스트인시티호텔,34933,대전 중구 대종로386번길 7,대전 유성구 봉명동 441-3,042-221-4897,"35실[ 한실:2 , 양실:33]",베스트인시티호텔의 홈페이지는 별도로 찾을 수 없습니다.,베스트인시티호텔
이티모텔,34977,대전 중구 유천로17번안길 52,대전 중구 유천동 330-17,042-581-1696,29실[ 양실:29],이티모텔의 홈페이지는 별도로 찾을 수 없습니다.,이티모텔
자우리호텔 은행점,34917,대전 중구 대흥로111번길 35,대전 중구 대흥동 452-30,042-223-7722,34실[ 양실:34],자우리호텔 은행점의 홈페이지는 별도로 찾을 수 없습니다.,자우리호텔 은행점
호텔일루와,34978,대전 중구 대둔산로 500,대전 중구 유천동 335-75,042-587-1255,"34실[ 한실:1 , 양실:33]",호텔일루와의 홈페이지는 별도로 찾을 수 없습니다.,호텔일루와
나인스팟호텔,34838,대전 중구 중앙로129번길 28, 대전 중구 선화동 32-2,042-254-0952,40실[ 양실:40],나인스팟호텔의 홈페이지는 별도로 찾을 수 없습니다.,나인스팟호텔
네오텔,34930,대전 중구 문창로98번길 8,대전 중구 문창동 36-2,042-251-8072,30실[ 양실:30],네오텔의 홈페이지는 별도로 찾을 수 없습니다.,네오텔
티티카카,34976,대전 중구 계백로1550번길 45-9,대전 중구 유천동 300-11,042-586-7741,32실[ 양실:32],https://blog.naver.com/mtiticaca,티티카카
호텔7,34930,대전 중구 문창로90번길 8,대전 중구 문창동 43-1,042-242-4101,14실[ 양실:14],호텔7의 홈페이지는 별도로 찾을 수 없습니다.,호텔7
투데이,35206,대전 유성구 온천로 65,대전 서구 둔산동 1046,042-222-1001,26실[ 양실:26],투데이의 홈페이지는 별도로 찾을 수 없습니다.,투데이
대전하늘정원,34918,대전 중구 보문로230번길 40,대전 중구 대흥동 447-11,042-255-0043,"24실[ 한실:10 , 양실:14]",https://djskygarden.modoo.at/,대전하늘정원
크리스탈레지던스호텔,34927,대전 중구 대종로452번길 38,대전 중구 대흥동 92-1,042-255-2933,48실[ 양실:48],http://www.crystalht.co.kr/,크리스탈레지던스호텔
유성 유스호스텔,34159,대전 유성구 학하중앙로 68,대전 유성구 덕명동 475-5,042-822-9591,29실[ 한실:29 ],http://www.youthostel.or.kr,유성 유스호스텔
대전청소년수련마을,35086,대전 중구 방아미로 131,대전 중구 침산동 산 21,042-285-0350~2,58실[ 한실:58 ],http://www.djyouth.co.kr,대전청소년수련마을
호텔 오노마,34126,대전 유성구 엑스포로 1,호텔 오노마,042-259-8007,13개 스위트룸을 포함한 171개 객실 / 4회의실 (총 648평방미터),https://www.marriott.com/ko/hotels/cjjak-hotel-onoma-daejeon-autograph-collection/overview/,대전의 랜드마크 호텔
