name,restrntZip,address,restrntDtlAddr,restrntInqrTel,rprsFod,salsTime,hldyGuid,restrntSumm,mapLat,mapLot,tag
개천식당,Unknown,대전 동구 대전로 779번길 39-2,대전 동구 대전로 779번길 39-2,042-256-1003,"만둣국 / 7,000원",11:30~20:30,(매주 월요일 휴무),60년 대전 토박이 입맛 사로잡은 만둣국 개천식당,36.3861,127.35171,indoor
경동 오징어국수,34580,대전 동구 성남동 200-342,대전 동구 성남동 200-342 ,042-626-5707,"두부오징어국수 / 7,000원",10:30~21:30,(매주 일요일 휴무),43년 지켜온 추억의 맛 경동 오징어국수,36.34479,127.43322,indoor
구름식당,34610,대전 동구 계족로 184-29,대전 동구 대동 201-10 ,042-627-1844,"치즈돈가스, 크림새우카레 / 10,000원",11:30~20:00,"(매주 월요일, 일요일 휴무)",행복한 한 끼를 위한 준비 구름식당,36.331303,127.44309,indoor
누나돈가스,34519,대전 동구 대학로 68,대전 동구 용운동 576 ,042-274-9330,"누나돈가스, 오빠돈가스, 카레돈가스 / 7,000원",11:00~20:00,(매주 일요일 휴무) / 브레이크 타임 15:30~17:00 마지막 주문 20:00,동네 주민 찐 맛집 누나돈가스,36.33567,127.45679,indoor
명랑식당,34623,대전 동구 태전로 56-20,대전 동구 삼성동 270-17 ,042-623-5031,"육개장 / 9,000원",11:00~15:00,"(매주 일요일, 공휴일 휴무)",파개장의 원조 육개장 명랑식당,36.33551,127.42887,indoor
백제식당,34710,대전 동구 산서로1615번길 87,대전 동구 대별동 211-1,010-8127-5254,"생삼겹살 / 12,000원",09:00~22:00,(연중무휴),캠핑장 같은 참숯 바비큐 삼겹살 백제식당,36.29071,127.45887,indoor
블루부코,34616,대전 동구 동광장로 16,1층,042-623-2423,"부코파이 / 15,000원",09:00~23:00,(연중무휴),생 과육 첨가한 필리핀 명물 부코파이 블루부코,36.329784,127.43932,indoor
산내돌짜장,34712,대전 동구 산내로 457,대전 동구 하소동 133-2 ,042-282-0457,"돌짜장 / 20,000~30,000원",11:30~20:00,(매주 월요일 휴무),짬뽕 없고 짜장면만 있는 산내돌짜장,36.225464,127.44412,indoor
석이원,34540,대전 동구 송촌남로 13,대전 동구 용전동 23-12 ,042-485-5520,"석이전복한방백숙 / 60,000원",11:30~21:30,"(매주 일요일, 공휴일 휴무) / 브레이크 타임 14:00~17:30 토요일 17:00~21:30(예약필수)",대전 유일 석이버섯요리전문점 석이원,36.353,127.44134,indoor
오씨칼국수,34568,대전 동구 옛신탄진로 13,대전 동구 삼성동 304-36 ,042-627-9972,"손칼국수 / 6,000원",11:00~21:00,(매주 월요일 휴무),대전 토박이가 꼽은 칼국수 최고 맛집 오씨칼국수,36.342,127.42508,indoor
줄리앤칩,34667,대전 동구 용대길 4,대전 동구 신흥동 17-13 ,042-623-8748,"줄리함박 / 13,000원",11:30~21:00 ,(매주 월요일 휴무) / 브레이크 타임 15:00~17:00,가정에서 즐기는 경양식 전문점 줄리앤칩,36.32363,127.446785,indoor
진수성찬,34516,대전 동구 백룡로 29,대전 동구 자양동 102-16 ,042-634-3898,"가정식백반 / 5,000원",09:00~18:00,(연중무휴),푸짐한 한상차림 가정식 백반 5천원 진수성찬,36.33527,127.45027,indoor
카페조각구름,34610,대전 동구 계족로 194-21,대전 동구 대동 208-3 ,042-624-3842,"아메리카노 / 3,500원",12:00~21:00,"(매주 일요일, 첫째주 월요일 휴무)",커피로 작은 위로를 선물하는 공간 카페조각구름,36.331112,127.442825,indoor
투웨이버거,34692,대전 동구 대전로 442,대전 동구 가오동 235-24 ,042-272-6380,"베이컨버거 / 4,900원",11:00~22:00,(연중무휴) / 브레이크 타임 14:00~16:00 주말 제외,패티 맛이 일품인 투웨이버거,36.305584,127.45277,indoor
함경도집,34628,대전 동구 대전로791번길 32,대전 동구 중동 93-3 ,042-257-3371,"소머리국밥 / 7,000원",06:00~22:00,(연중무휴),대전역 근처 70년 전통의 소머리국밥 함경도집,36.329765,127.43148,indoor
허브향기,34712,대전 동구 하소동 424,대전 동구 하소동 424 ,042-274-5370,"3인 바비큐세트 / 63,000원",10:00~21:00,(매주 월요일 휴무),허브와 아로마를 테마로 한 숲속 같은 공간 허브향기,36.211918,127.439156,indoor
고향콩나물밥집,34862,대전 중구 보문로 305,대전 중구 선화동 354 ,042-253-0088,"콩나물밥 / 7,000원",11:00~23:00 ,(명절 휴무),어머니 손맛과 정성이 있는 고향콩나물밥집,36.329403,127.41995,indoor
구공탄 초벌구이,34989,대전 중구 대둔산로 407-14,대전 중구 산성동 97-20 ,042-585-4142,"생삼겹초벌, 생목살(200g) / 9,000원",05:00~22:00 ,"(매월 2, 4주 월요일 휴무)",연탄으로 굽는 구공탄 초벌구이,36.30617,127.38595,indoor
꼬꼬치킨,34925,대전 중구 중교로 84,대전 중구 대흥동 147-5,042-257-2030,"전기구이, 후라이드, 양념치킨 / 17,000원",11:00~02:00,(연중무휴),35년 전통 치킨 꼬꼬치킨,36.326878,127.42869,indoor
내 집 식당,34919,대전 중구 대흥로121번길 42,대전 중구 대흥동 409-7 ,042-223-5083,"올갱이국 / 7,000원",10:00~22:00,(매주 일요일 휴무),대전 문화예술인들의 사랑방 내 집 식당,36.325275,127.42492,indoor
논두렁 추어칼국수,35029,대전 중구 보문로20번길 41,대전 중구 문창동 118-3,042-272-7589,"추어칼국수 / 7,000원",11:00~22:00,(연중무휴),문창동 추어탕맛집 논두렁 추어칼국수,36.31631,127.43761,indoor
반찬식당,35052,대전 중구 보문산공원로 484,반찬식당,042-253-2794,"보리밥 / 5,000원",07:00~20:30,"(매월 1, 3주 월요일 휴무)",보문산 보리밥 명소 반찬식당,36.31213,127.421196,indoor
별뜨는 집,34935,대전 중구 보문로162번길 66,대전 중구 대사동 69-24 ,042-222-3838,"고등어조림 / 10,000원",11:30~22:00,"(매월 2, 4주 일요일 휴무)",고등어 갈치조림의 명불허전 별뜨는 집,36.318874,127.429146,indoor
부여식당,34929,대전 중구 인창로 23-2,대전 중구 문창동 23-4 ,042-226-0210,"백반 / 7,000원",07:00~21:00,(연중무휴),시골밥상 그대로 가정식 백반 부여식당,36.322735,127.43223,indoor
세웅이네 가족식당,34814,대전 중구 목중로16번길 14,대전 중구 중촌동 410-9 ,042-242-2295,"모둠초밥 / 15,000원",11:30~20:00,(매주 일요일 휴무) / 브레이크 타임 14:00~17:30 토요일 14:00까지 영업,깔끔한 초밥으로 유명한 세웅이네 가족식당,36.335907,127.41253,indoor
소나무집,34926,대전 중구 대종로460번길 59,대전 중구 대흥동 2-7 ,042-256-1464,"오징어찌개 / 5,000원",11:30~21:00,(연중무휴) / 브레이크 타임 15:30~17:00,추억의 대전음식 소나무집,36.327007,127.43057,indoor
소담회,34909,대전 중구 계백로 1715,대전 중구 오류동 154-6,042-525-0907,"숙성모둠회 / 45,000원(2인)~120,000원",17:00~01:00,(매주 화요일 휴무),신선하고 가성비 좋은 소담회,36.32208,127.409836,indoor
신화수산,35082,대전 중구 산서로 16,대전 중구 사정동 460-2 ,042-476-8883,각종 횟감 / 시가,"10:00~21:50(회포장), 11:30~21:50(식당)",(연중무휴),가성비 좋은 활어회센터 신화수산,36.2958,127.382675,indoor
시골막국수와 옹심이,35082,대전 중구 대둔산로 275,대전 중구 사정동 490-8 ,042-585-4883,"막국수 / 7,000원",11:00~21:30,(매주 월요일 휴무) / 브레이크 타임 15:00~17:00,대전 막국수 열풍을 일으킨 시골막국수와 옹심이,36.294132,127.383415,indoor
권영분 영동뜨끈이,34929,대전 중구 대전천서로 375-1,대전 중구 문창동 10-6 ,042-221-4265,"뜨근이탕 / 8,000원",00:00~24:00,(매주 월요일 휴무),특별한 개운함이 있는 등뼈해장국 권영분 영동뜨끈이,36.32343,127.43369,indoor
와와삼겹살,34893,대전 중구 수침로55번길 1,대전 중구 태평동 268-15 ,042-535-3613,"국산대패삼겹살 / 10,000원",17:00~24:00,(매월 1주 토요일 휴무),직장인의 애환 서려 있는 선술집 와와삼겹살,36.32446,127.40049,indoor
진주냉면 이설옥,35030,대전 중구 대전천서로 275-1,대전 중구 문창동 366-1 ,042-274-9994,"진주물냉면 / 7,000원",11:30~20:00,(매주 월요일 휴무) / 브레이크 타임 15:00~16:30,대전에서 먹는 진주향토음식 진주냉면 이설옥,36.315395,127.43855,indoor
진로집,34915,대전 중구 중교로 45-5,대전 중구 대흥동 314-1 ,042-226-0914,"두부두루치기 / 11,000원~22,000원",11:30~22:00,(연중무휴) / 브레이크 타임 15:00~16:30,대전 두부두루치기의 원조 진로집,36.32588,127.42469,indoor
Pasta zip,34872,대전 중구 동서대로1303번길 13,대전 중구 오류동 189-34 ,042-534-0409,"봉골레파스타 / 7,500원",11:30~20:30,(매주 일요일 휴무) / 브레이크 타임 14:30~17:30 토요일 14:30 종료,가성비 좋은 이태리식당 Pasta zip,36.328793,127.4036,indoor
포항구룡포 과메기와 생태,34868,대전 중구 중앙로13번길 34-1,대전 중구 용두동 16-2 ,042-223-0680,"과메기 / 30,000원",09:00~23:00,(연중무휴-겨울),사계절 과메기 맛볼 수 있는 곳 포항구룡포 과메기와 생태,36.324127,127.41322,indoor
하루방만두,34814,대전 중구 목중로10번길 7,대전 중구 중촌동 410-22 ,042-226-2828,"고기만두, 김치만두 / 6,000원",11:00~20:00,"(소진시 조기마감, 매주 일요일 휴무)",36년 내공의 만두의 달인 하루방만두,36.33553,127.41264,indoor
항아리보쌈,34909,대전 중구 계룡로874번길 15,대전 중구 오류동 153-3 ,042-537-4004,"보쌈(소 2인) / 27,000원",12:00~24:00,"(매월 2, 4주 일요일 휴무)",보쌈 하나로 전국 명소가 된 항아리보쌈,36.323055,127.41031,indoor
갈마짬뽕,35224,대전 서구 월평동로 5-11,대전 서구 갈마동 1468 ,042-482-9136,"갈마짬뽕 / 8,000원",10:30~20:00,(매주 월요일 휴무) / 브레이크타임 15:00~17:00 일요일은 15:00까지,진하고 칼칼한 맛 갈마짬뽕,36.355312,127.36837,indoor
금강 어죽 매운탕,35410,대전 서구 복수남로11번길 84,대전 서구 복수동 973 ,042-581-9941,"어죽 / 7,000원",12:00~22:00,(연중무휴),어죽이 일품인 금강 어죽 매운탕,36.293964,127.37813,indoor
동창 관저점,35383,대전 서구 관저남로25번길 23-17,대전 서구 관저동 1554-7 ,042-545-5552,"돼지한마리(900g) / 45,000원",16:00~24:00,(매주 월요일 휴무),회식하기 좋은 집 동창 돼지 한 마리 관저점,36.29564,127.33634,indoor
만년횟집,35200,대전 서구 만년남로3번길 129,대전 서구 만년동 15 ,042-483-4749,"물회(2인) / 29,000원",12:00~22:00 ,(매주 일요일 휴무) / 브레이크 타임 14:00~17:00,산낙지 물회로 유명한 만년횟집,36.366585,127.37169,indoor
몽상도취,35231,대전 서구 갈마역로11번길 24,대전 서구 갈마동 868 ,010-3050-8940,"어향가지 / 22,000원",17:00~01:00,(매주 화요일 휴무),맛에 취하고 분위기에 취하는 중식당 몽상도취,36.35218,127.37258,indoor
버터 피 베이크샵,35227,대전 서구 신갈마로230번길 9,대전 서구 갈마동 262-9 ,02-9552-3315,"르뱅쿠키, 흑임자파운드 / 4,500원",12:00~22:00,(비정기적 휴무),구운과자 디저트카페 버터 피 베이크샵,36.354164,127.369736,indoor
병규돈가스 본점,35200,대전 서구 만년남로3번길 8-8,대전 서구 만년동 264 ,042-486-3929,"병규돈가스 / 9,000원",11:30~20:30,(매주 월요일 휴무) / 브레이크 타임 15:00~17:00,진심의 음식을 담아내는 병규돈가스 본점,36.36577,127.376335,indoor
부여통닭 관저점,35382,대전 서구 관저중로64번길 34,대전 서구 관저동 1527 ,042-545-1132,"시골통닭 / 15,000원",13:30~01:00,(연중무휴),마성의 통닭 부여통닭 관저점,36.29759,127.3367,indoor
북한어죽,35224,대전 서구 월평중로4번길 63,대전 서구 월평동 765 ,042-489-6090,"어죽 / 7,000원",11:00~19:00,(연중무휴),추억의 맛 북한어죽,36.354465,127.36753,indoor
설짬뽕,35361,대전 서구 도안대로 37,대전 서구 관저동 1686 ,042-542-7545,"직화짬뽕 / 8,000원",11:00~21:00,(매주 월요일 휴무) / 브레이크 타임 15:00~17:00,불향 가득한 꼬막짬뽕이 유명한 설짬뽕,36.30496,127.334404,indoor
어담,35241,대전 서구 둔산남로105번길 11,대전 서구 둔산동 1432 ,042-472-0220,"어담정식 / 15,000원",11:30~22:00,(매주 일요일 휴무),제철 생선 사시미가 유명한 어담,36.34964,127.389015,indoor
오렌지블루스,35231,대전 서구 갈마역로25번길 9-3,대전 서구 갈마동 843 ,070-4300-0401,"블루스스테이크 / 29,800원",12:00~21:30,(연중무휴),갈마동 핫 플레이스 오렌지블루스,36.3526,127.373726,indoor
옥수 숯불구이,35326,대전 서구 변동중로 49,대전 서구 변동 73-34 ,042-526-8348,"숯불구이 석쇠한판 / 15,000원",00:00~24:00,(연중무휴),고추장 석쇠불고기와 칼국수의 환상조합 옥수 숯불구이,36.328873,127.374626,indoor
온유네 닭매운탕,35250,대전 서구 문정로170번길 50,대전 서구 둔산동 2115 ,042-255-9585,"닭매운탕(2-3인) / 32,000원",17:00~23:00,(매주 일요일 휴무) / 브레이크 타임 14:00~17:00,세상에서 하나밖에 없는 음식과의 만남 온유네 닭매운탕,36.349354,127.39857,indoor
와타요업,35231,대전 서구 갈마역로25번길 9-8,대전 서구 갈마동 846 ,010-4792-3220,"스페셜텐동 / 15,000원",12:00~20:30,(연중무휴) / 브레이크타임 15:00 ~ 17:30,일본식 튀김 덮밥 집 와타요업,36.35258,127.37343,indoor
운향,35220,대전 서구 한밭대로707번길 9,대전 서구 월평동 285 ,042-484-8217,"손만두버섯전골 / 9,900",11:00~21:00,(연중무휴),손만두 버섯전골과 쭈꾸미 볶음으로 유명한 운향,36.35836,127.377235,indoor
이태리국시,35229,대전 서구 둔산로31번길 31,대전 서구 둔산동 990 ,042-485-0950,"꼬막전골돌솥파스타 / 19,000원",11:30~21:30,(연중무휴),한식 재료를 이용하여 이탈리안 요리를 재해석한 이태리국시,36.35314,127.37726,indoor
초가집,35272,대전 서구 갈마로85번길 30,대전 서구 갈마동 396-16 ,042-533-5667,"두부수육 / 25,000원",11:00~01:00,(연중무휴),두부김치로 유명해진 선술집 분위기 초가집,36.345253,127.370674,indoor
카페멜리사,35378,대전 서구 관저동로105번길 54,대전 서구 관저동로105번길 54,042-522-8383,"핸드드립커피 / 5,000원",11:00~23:00,(연중무휴),커피마니아들이 즐겨 찾는 곳 카페멜리사,36.301292,127.33754,indoor
해몽,35200,대전 서구 만년남로11번길 55,대전 서구 만년동 146 ,042-485-4012,"해몽사시미 / 25,000원",17:00~24:00,"(매월 1, 3주 일요일 휴무)",음식으로 승부하는 횟집 해몽,36.366123,127.3735,indoor
행복한 분식,35250,대전 서구 둔산로206번길 23,대전 서구 둔산동 1910 ,042-484-2080,"잔치국수, 손수제비 / 5,000원",11:00~23:00,(매주 일요일 휴무),잔치국수 수제비로 유명한 동네맛집 행복한 분식,36.350166,127.39677,indoor
홍수연 커피랩,35327,대전 서구 배재로232번길 34,대전 서구 변동 80-21 ,042-528-8899,"아메리카노 / 3,500원",10:00~23:00,(연중무휴),플라워 카페 홍수연 커피랩,36.32843,127.37222,indoor
황짬뽕,35334,대전 서구 사마1길 17,대전 서구 도마동 125-24 ,042-531-0286,"꼬막짬뽕, 미니 깐풍기 /  6,000원",11:00~20:30,(매주 월요일 휴무),3500원 짬뽕이 맛있는 황짬뽕,36.316933,127.37696,indoor
권영철 콩짬뽕,34182,대전 유성구 월드컵대로275번길 49,대전 유성구 구암동 623-6 ,042-826-2292,"오징어콩짬뽕 / 9,000원",11:00~21:00,(매주 일요일 휴무),콩으로 만든 짬뽕 권영철 콩짬뽕,36.350716,127.33148,indoor
나마미돈카츠,34019,대전 유성구 관평1로 52,대전 유성구 관평동 1031 ,042-936-7892,"나마미돈카츠 / 11,000원",11:00~21:00,"(연중무휴) / 브레이크 타임 15:00~17:00 주말, 공휴일 제외",일본식 돈가스전문점 나마미돈카츠,36.424038,127.39041,indoor
늘상상,34190,대전 유성구 봉명서로 17-5,대전 유성구 봉명동 1052-5 ,042-826-0128,"유린기 / 25,000원",11:30~21:00,(매주 월요일 휴무) / 브레이크 타임 15:00~17:30,유린기가 맛있는 중식당 늘상상,36.34395,127.34131,indoor
다해어죽,34187,대전 유성구 계룡로105번길 15,대전 유성구 봉명동 551-7 ,042-822-3613,"도리뱅뱅이 / 12,000원",10:30~22:00,"(연중무휴) / 브레이크 타임 15:00~17:00 주말, 공휴일은 없음",깔끔한 어죽과 도리뱅뱅이 다해어죽,36.354317,127.3425,indoor
도덕봉가든,34159,대전 유성구 동서대로189번길 13,대전 유성구 덕명동 172-1 ,042-825-3777,"유황오리한마리 / 50,000원",11:00~21:30,(연중무휴),수통골 오리훈제와 수제비가 맛있는 도덕봉가든,36.345604,127.295685,indoor
동신수산,34091,대전 유성구 노은동로75번길 12,대전 유성구 노은동 534-13 ,042-476-9968,"모둠회(2인) / 80,000원~",11:30~22:00 ,(연중무휴) / 브레이크 타임 14:00~17:00,개인 룸으로 되어 있는 활어회 전문점 동신수산,36.367428,127.32291,indoor
리코타코,34138,대전 유성구 대학로163번길 37,대전 유성구 궁동 407-6 ,042-823-7234,"타코 / 8,500원",11:00~23:00,(연중무휴) / 브레이크 타임 15:00~17:00,미국식 멕시칸레스토랑 리코타코,36.362175,127.351425,indoor
마시기통차,34170,대전 유성구 문화원로6번길 94,대전 유성구 장대동 283-25 ,042-824-5090,"뒷고기 / 6,000원",16:00~02:00,(연중무휴),6천원의 행복 대전원조 뒷고기 마시기통차,36.35793,127.337715,indoor
슬로우브레드,34052,대전 유성구 유성대로 1734-1,대전 유성구 전민동 304-6 ,042-861-0425,"몽블랑 / 4,300원",07:30~22:00,(명절당일 휴무),정직하고 아름다운 베이커리 슬로우브레드,36.399387,127.40195,indoor
아람답다,34208,대전 유성구 학하서로 73,대전 유성구 계산동 712-3 ,042-825-2862,"쌍화차, 대추차, 단팥죽 / 7,000원",10:00~21:00 ,(연중무휴),수통골 유명 찻집 아람답다,36.344078,127.29837,indoor
오시오칼국수,34094,대전 유성구 노은로410번길 8,대전 유성구 하기동 산 26-15 ,042-822-1016,"들깨칼국수, 들깨수제비 / 7,500원",11:00~21:00,(매주 월요일 휴무) / 브레이크 타임 15:00~17:00,칼국수의 새로운 맛 오시오칼국수,36.39069,127.32885,indoor
온천칼국수,34185,대전 유성구 온천북로 61,대전 유성구 봉명동 690-4 ,042-824-6668,"물총칼국수 / 7,000원",11:00~22:00,(연중무휴),물총칼국수와 주꾸미볶음이 맛있는 온천칼국수,36.356598,127.349785,indoor
왕비성,34139,대전 유성구 어은로48번길 23,대전 유성구 어은동 113-12 ,042-862-9292,"짬뽕 / 6,500원",11:00~21:00,(매주 월요일 휴무),야끼짬뽕이 맛있는 중식당 왕비성,36.3633,127.35817,indoor
잇마이타이,34184,대전 유성구 문화원로 77,대전 유성구 봉명동 611-1 ,042-825-5466,"뿌팟퐁커리(2마리) / 16,900원",11:00~21:30 ,(매주 일요일 휴무),기다려야 먹는 태국요리전문점 잇마이타이,36.359432,127.344536,indoor
진신,34193,대전 유성구 원신흥로55번길 66-25,대전 유성구 원신흥동 508-9 ,042-822-5089,"탄탄파스타 / 12,000원",11:30~21:30,(매주 월요일 휴무),사천요리를 제대로 맛볼 수 있는 중식당 진신,36.33891,127.344185,indoor
청담이상 문지점,34050,대전 유성구 문지로299번길 86-14,대전 유성구 문지동 653-3 ,042-863-1411,"사시미 / 30,000원~60,000원",11:30~02:00,(매주 일요일 휴무) / 브레이크 타임 14:30~17:00 토요일 17:30 오픈,일본 사케 전문점 이자카야 청담이상 문지점,36.393368,127.40607,indoor
콜마르브레드,34139,대전 유성구 어은로51번길 52,대전 유성구 어은동 100-9 ,042-863-0206,"끼리바나나 / 4,000원",08:00~22:30,(연중무휴),정직한 동네빵집 콜마르브레드,36.36201,127.35406,indoor
테판마루,34190,대전 유성구 봉명서로 11-12,대전 유성구 봉명동 1052-12 ,042-826-7852,"기본코스 / 68,000원~98,000원",12:00~22:00,(매주 월요일 휴무),대전 유일의 철판코스요리전문점 테판마루,36.34382,127.34076,indoor
하얀돌곱창,34087,대전 유성구 노은로 151,대전 유성구 지족동 894-2 ,042-824-7792,"한우돌곱창(1인) / 20,000원",17:00~23:00,(일요일 휴무),노은 곱창맛집 하얀돌곱창,36.373165,127.31738,indoor
홍천식당,34178,대전 유성구 계룡로74번길 8,대전 유성구 봉명동 448-14 ,042-822-3175,"콩나물비빔밥 / 5,000원",24시간,(연중무휴),별미 콩나물밥으로 유명한 홍천식당,36.354168,127.33874,indoor
흑룡산촌두부,34154,대전 유성구 수통골로 65-7,대전 유성구 덕명동 182-9 ,042-824-0511,"촌두부한상(2인) / 30,000원",11:00~21:30,(연중무휴),직접 쑨 손두부 맛으로 유명한 흑룡산촌두부,36.346436,127.29093,indoor
강길도 낙지마을,34404,대전 대덕구 선비마을로 9,대전 대덕구 송촌동 506-2 ,042-639-8582,"낙지덮밥+유기농쌈채 / 10,000원",11:30~21:00,(연중무휴) /  브레이크 타임 15:00~17:00,유기농 채소로 쌈 싸먹는 낙지 덮밥 강길도 낙지마을,36.362354,127.44619,indoor
뚝배기에 담은 이탈리아 ,34409,대전 대덕구 송촌북로4번길 47-10,대전 대덕구 송촌동 475-7 ,042-621-5540,"베이컨로제깔조네 / 18,000원",11:30~21:30,(매주 일요일 휴무) / 브레이크 타임 15:00~17:00,신박한 이태리레스토랑 뚝배기에 담은 이탈리아 ,36.363632,127.439705,indoor
뜰에식당,34330,대전 대덕구 덕암로 247,대전 대덕구 덕암동 18-5 ,042-936-3748,"모둠회 / 39,000원~78,000원",17:00~23:00,"(매월 1, 3주 일요일 휴무)",다양한 곁들이 음식이 일품인 횟집 뜰에식당,36.44272,127.424675,indoor
다온,34409,대전 대덕구 계족산로81번길 9,대전 대덕구 송촌동 475-5 ,010-9730-2997,"행복세트 / 59,000원(4~5인)",11:30~22:00,(연중무휴),카페 분위기의 깔끄마 보쌈 다온,36.3634,127.44,indoor
부추해물칼국수,34310,대전 대덕구 신탄진로804번길 31,대전 대덕구 신탄진동 139-24 ,042-934-5656,"칼국수 / 8,000원",11:00~20:00,(연중무휴),전국에서 바지락 제일 많이 퍼주는 부추해물칼국수,36.44956,127.43165,indoor
비래키키,34412,대전 대덕구 비래골길 47-12,대전 대덕구 비래동 437 ,042-636-9180,"스테이크로제파스타, 트러플 버섯리조또 / 16,000원",11:00~22:30,(연중무휴),대전 수영장 레스토랑 카페 비래키키,36.36791,127.44918,indoor
야호정식당,34316,대전 대덕구 대청호수로 1869,대전 대덕구 삼정동 240-14 ,Unknown,"장어구이 / 30,000원",11:30~21:30,(매주 월요일 휴무),대청호반 따라 드라이브하기 좋은 곳 야호정식당,36.442448,127.46649,indoor
양푼이 동태찌개,34411,대전 대덕구 계족산로5번길 51,대전 대덕구 중리동 98-3 ,042-638-0350,"동태찌개 / 9,000원",11:00~21:00,(매주 일요일 휴무),동태찌개 단일메뉴로 뜨는 양푼이 동태찌개,36.364204,127.43123,indoor
코다리밥상 송촌점,34408,대전 대덕구 송촌북로36번길 24,대전 대덕구 송촌동 450-5 ,042-624-0300,"코다리조림 / 24,000원~42,000원",11:00~22:00,(연중무휴),정성과 마음을 담은 코다리밥상 송촌점,36.36579,127.437614,indoor
통일면옥,34394,대전 대덕구 한밭대로1117번길 17,대전 대덕구 중리동 406-13 ,042-627-2315,"녹두빈대떡 / 10,000원",11:30~21:50,"(1, 3, 5주 일요일 휴무)",손님이 부쳐 먹는 녹두빈대떡으로 유명한 통일면옥,36.359745,127.42254,indoor
영화반점(전영화),34310,대전 대덕구 신탄진동로23번길 46,대전 대덕구 신탄진동 139-17 ,042-931-4158,"탕수육, 짜장면, 짬뽕",11:00~21:00,"브레이크 타임 오후3시~ 오후5시, 일요일 휴무",영화반점(전영화),36.44983,127.43158,indoor
금광식당,34935,대전 중구 충무로 127,대전 중구 대사동 64-18 ,Unknown,한정식,11:00~21:00,(연중무휴),금광식당,36.31926,127.43065,indoor
연아식당,34973,대전 중구 유천로 57-9,대전 중구 유천동 212-2 ,042 -583 -8956,Unknown,11:00~21:00,(연중무휴),연아식당,36.317585,127.397285,indoor
별천지,34711,대전 동구 산서로1659번길 29,대전 동구 대별동 198 ,042-271-0207,Unknown,11:00~21:00,"매월 첫째, 세째주 월요일",별천지,36.2911,127.460945,indoor
홍천식당,34178,대전 유성구 계룡로74번길 8,대전 유성구 봉명동 448-14,042)822-3175,콩나물비빔밥,11:00~21:00,"명절(설, 추석) 전일 및 당일",홍천식당,36.354168,127.33874,indoor
영동식당,34909,대전 중구 계룡로874번길 27-9,대전 중구 오류동 153-25 ,042)531-6016,"닭볶음탕, 염소전골",11:00~21:00,"매월 둘째, 넷째 일요일",영동식당,36.322655,127.40989,indoor
광천식당,34838,대전 중구 대종로505번길 29,대전 중구 선화동 52-2 ,042)226-4751,"두부/오징어두루치기, 칼국수",11:00~21:00,매주 월요일,광천식당,36.32857,127.42359,indoor
사리원면옥,34920,대전 중구 중교로 62,대전 중구 대흥동 188-5 ,Unknown,냉면,11:00~21:00,"명절 당일(설, 추석)",사리원면옥,36.326153,127.42656,indoor
중국성,34625,대전 동구 대전로815번길 66,대전 동구 정동 8-5 ,042)254-3353,Unknown,11:00~21:00,매주 일요일,중국성,36.334675,127.43027,indoor
평양숨두부,34697,대전 동구 대전로 381,대전 동구 대성동 163-2 ,042)284-4141,숨두부,11:00~21:00,매월 둘째주 월요일,평양숨두부,36.301247,127.45673,indoor
태화장,34625,대전 동구 중앙로203번길 78,대전 동구 정동 36-32 ,042)256-2407,"자장면, 전가복",11:00~21:00,"매달 첫번째, 세번째 월요일",태화장,36.333847,127.42936,indoor
백천집식당,34628,대전 동구 대전로791번길 48,대전 동구 중동 28-15 ,042)226-0140,순대국밥,11:00~21:00,매월 둘째주 일요일,백천집식당,36.32955,127.43062,indoor
대성관,34984,대전 중구 계백로1584번길 114,대전 중구 유천동 272-35 ,042)582-9182,"짬뽕, 자장면",11:00~21:00,매주 일요일,대성관,36.313004,127.39759,indoor
정식당,34915,대전 중구 중앙로130번길 37-13,대전 중구 대흥동 216-7 ,042)357-5055,"닭볶음탕,빈대떡",11:00~21:00,연중무휴,정식당,36.32678,127.42573,indoor
왕관식당,Unknown,확인요망,확인요망,042)221-1663,콩나물밥,11:00~21:00,매주 일요일,왕관식당,Unknown,Unknown,indoor
진로집,34915,대전 중구 중교로 45-5,대전 중구 대흥동 314-1 ,042-226-0914,Unknown,11:00~21:00,연중무휴,진로집,36.32588,127.42469,indoor
소나무집,34926,대전 중구 대전천서로 427-3,대전 중구 대흥동 2-5 ,042-256-1464,오징어칼국수,11:00~21:00,"매월 첫째, 세째주 월요일",소나무집,36.327194,127.430466,indoor
만수불고기,34170,대전 유성구 장대로 38,대전 유성구 장대동 283-18 ,042)485-4848,"돼지주물럭, 삼결살",11:00~21:00,매주 일요일,만수불고기,36.358402,127.33652,indoor
경동오징어국수,34580,대전 동구 계족로 369,대전 동구 성남동 200-342 ,042)626-5707,Unknown,11:00~21:00,매주 일요일,경동오징어국수,36.344784,127.433174,indoor
광천식당,35304,대전 서구 계룡로 670-16,대전 서구 용문동 256-9 ,042)533-4415,염소전골,11:00~21:00,매주 일요일,광천식당,36.33618,127.39437,indoor
사리원면옥,35229,대전 서구 둔산로31번길 77,대전 서구 둔산동 968 ,042)487-4208,"냉면, 돼지갈비",11:00~21:00,"명절(설, 추석) 전날 및 당일",사리원면옥,36.35526,127.377266,indoor
신도칼국수,34627,대전 동구 대전로825번길 11,대전 동구 정동 30-13 ,042)253-6799,칼국수,11:00~21:00,명절 휴무,신도칼국수,36.332584,127.43099,indoor
적덕식당,34593,대전 동구 우암로 220-3,대전 동구 가양동 343-10 ,042)633-4293,"두부오징어국수, 토종족발양념구이",11:00~21:00,"명절(설, 추석) 전날 및 당일",적덕식당,36.343105,127.44123,indoor
전통칼국수,34627,대전 동구 대전로825번길 13,대전 동구 정동 30-23 ,042)257-5432,"칼국수, 수육",11:00~21:00,"명절(설, 추석) 전날 및 당일",전통칼국수,36.332554,127.430855,indoor
대들보 함흥면옥,34891,대전 중구 계백로1583번길 39,대전 중구 유천동 311-13 ,042)522-5900,"냉면, 소불고기",11:00~21:00,"명절 당일(설, 추석)",대들보 함흥면옥,36.31973,127.3952,indoor
대전갈비집,34926,대전 중구 대흥로175번길 28,대전 중구 대흥동 3-16 ,042)226-9428,돼지갈비,11:00~21:00,"명절(설, 추석 명절 당일 및 전,후일)",대전갈비집,36.32656,127.43064,indoor
학선식당,34844,대전 중구 보문로337번길 26,대전 중구 선화동 151-3 ,042)256-4057,김치찌개,11:00~21:00,매주 일요일,학선식당,36.332672,127.41739,indoor
한영식당,34908,대전 중구 계룡로874번길 6,대전 중구 오류동 149-25 ,042)533-2644,닭볶음탕,11:00~21:00,"명절 당일 전후 3일 (설, 추석)",한영식당,36.323418,127.41076,indoor
성심당,34921,대전 중구 대종로480번길 15,대전 중구 은행동 145-1 ,1588-8069,"튀김소보로, 보문산메아리","월~목 08:00~22:00 / 금~일, 공휴일 08:00~23:00",연중무휴,성심당,36.327744,127.427246,indoor
띠울석갈비,34348,대전 대덕구 신탄진로 209,대전 대덕구 신대동 215-7,042-627-4242,"소석갈비 / 25,000원",11:30~22:00,명절 휴무,뜨거운 돌판에 나오는 대전 최고의 석갈비,Unknown,Unknown,indoor
